omega_p_MHz,ratio,delta_MHz,omega_c_MHz,omega_R_MHz,T_c_ns,T_f_ns,sigma_ns,t_total_ns,M1,M2,F_bar,F_00,F_01,F_10,F_11
50.0,2.8,400.0,50.0,140.0,10.0,153.65289953913367,0.9069060289413221,327.30579907826734,141.42135623730954,50.50762722761055,0.9835251712447592,0.954908624164934,0.9954575402921659,0.9954575403206214,0.9882769802013155
50.0,2.8,400.0,60.0,140.0,8.333333333333334,153.65289953913367,0.9069060289413221,323.97246574493397,141.42135623730954,50.50762722761055,0.9839878568138114,0.9549051639026587,0.9954679904053716,0.9954679904474675,0.9901102824997476
50.0,2.8,400.0,70.0,140.0,7.142857142857143,153.65289953913367,0.9069060289413221,321.5915133639816,141.42135623730954,50.50762722761055,0.9842500786420592,0.9548371120070106,0.9954765433187158,0.995476543319562,0.991210115922948
50.0,2.8,450.0,50.0,140.0,10.0,172.85951198152537,1.291278310738718,365.7190239630508,159.09902576697323,56.82108063106187,0.984269586136748,0.9593684161894461,0.9954774870480452,0.9954774870493304,0.9867549542601703
50.0,2.8,450.0,60.0,140.0,8.333333333333334,172.85951198152537,1.291278310738718,362.38569062971743,159.09902576697323,56.82108063106187,0.9848155444483374,0.9593705982029753,0.9954874763240038,0.9954874763615675,0.988916626904803
50.0,2.8,450.0,70.0,140.0,7.142857142857143,172.85951198152537,1.291278310738718,360.0047382487651,159.09902576697323,56.82108063106187,0.9851550404018194,0.9594132476004429,0.9954939007109702,0.9954939007109702,0.9902191125848945
50.0,2.8,500.0,50.0,140.0,10.0,192.06612442391705,1.7713008377760187,404.1322488478341,176.77669529663692,63.13453403451319,0.9850182793633053,0.9626767310933124,0.9954384634212736,0.9954384634212736,0.9865194595173616
50.0,2.8,500.0,60.0,140.0,8.333333333333334,192.06612442391705,1.7713008377760187,400.7989155145008,176.77669529663692,63.13453403451319,0.9855465270390222,0.9626835166625736,0.9954495040658634,0.9954495040670498,0.9886035833606024
50.0,2.8,500.0,70.0,140.0,7.142857142857143,192.06612442391705,1.7713008377760187,398.41796313354837,176.77669529663692,63.13453403451319,0.985861683279466,0.9626710521964259,0.9954565917750535,0.9954565918067058,0.9898624973396787
50.0,2.8,550.0,50.0,140.0,10.0,211.2727368663088,2.3576014150798823,442.5454737326176,194.4543648263006,69.44798743796451,0.9858361673463932,0.9651428433633895,0.9953585442175443,0.9953585442175443,0.9874847375870949
50.0,2.8,550.0,60.0,140.0,8.333333333333334,211.2727368663088,2.3576014150798823,439.21214039928424,194.4543648263006,69.44798743796451,0.9862510756305228,0.9651449463082036,0.9953679714025508,0.9953679714025508,0.9891234134087861
50.0,2.8,550.0,70.0,140.0,7.142857142857143,211.2727368663088,2.3576014150798823,436.8311880183319,194.4543648263006,69.44798743796451,0.9865039651122114,0.9651441220973913,0.9953754386094574,0.9953754386094574,0.9901208611325396
50.0,2.8,600.0,50.0,140.0,10.0,230.47934930870048,3.0608078476769607,480.95869861740096,212.1320343559643,75.76144084141583,0.9866338898415201,0.9670227797457389,0.9952424505807771,0.9952424505807771,0.9890278784587876
50.0,2.8,600.0,60.0,140.0,8.333333333333334,230.47934930870048,3.0608078476769607,477.62536528406764,212.1320343559643,75.76144084141583,0.9868985137944741,0.9670360020882891,0.9952531626988882,0.9952531626997605,0.9900517276909588
50.0,2.8,600.0,70.0,140.0,7.142857142857143,230.47934930870048,3.0608078476769607,475.24441290311523,212.1320343559643,75.76144084141583,0.9870567306321874,0.9670297538816426,0.9952607294795436,0.9952607294815442,0.990675709686019
50.0,3.0,400.0,50.0,150.0,10.0,153.65289953913367,0.9069060289413221,327.30579907826734,141.42135623730954,47.14045207910318,0.9939026733865135,0.9974758366213992,0.9949692583898819,0.994969258395162,0.9881963401396109
50.0,3.0,400.0,60.0,150.0,8.333333333333334,153.65289953913367,0.9069060289413221,323.97246574493397,141.42135623730954,47.14045207910318,0.9943674809540723,0.9974757446997125,0.9949793689850521,0.9949793690307485,0.9900354411007767
50.0,3.0,400.0,70.0,150.0,7.142857142857143,153.65289953913367,0.9069060289413221,321.5915133639816,141.42135623730954,47.14045207910318,0.9946436844308905,0.9974700275466489,0.9949878740530995,0.9949878740539011,0.9911289620699122
50.0,3.0,450.0,50.0,150.0,10.0,172.85951198152537,1.291278310738718,365.7190239630508,159.09902576697323,53.03300858899107,0.9933706883038579,0.9966256285760826,0.9950789193081473,0.9950789193093914,0.9866992860218102
50.0,3.0,450.0,60.0,150.0,8.333333333333334,172.85951198152537,1.291278310738718,362.38569062971743,159.09902576697323,53.03300858899107,0.9939141320969733,0.9966258385386226,0.9950889262014899,0.995088926249568,0.9888528373982128
50.0,3.0,450.0,70.0,150.0,7.142857142857143,172.85951198152537,1.291278310738718,360.0047382487651,159.09902576697323,53.03300858899107,0.9942429371461478,0.996626639682491,0.9950954386274488,0.9950954386274488,0.9901542316472025
50.0,3.0,500.0,50.0,150.0,10.0,192.06612442391705,1.7713008377760187,404.1322488478341,176.77669529663692,58.92556509887898,0.9931096791498522,0.9957380483660525,0.9951092351359916,0.9951092351371246,0.9864821979602398
50.0,3.0,500.0,60.0,150.0,8.333333333333334,192.06612442391705,1.7713008377760187,400.7989155145008,176.77669529663692,58.92556509887898,0.9936328292152183,0.9957361447799631,0.9951189104809411,0.9951189104815124,0.9885573511184569
50.0,3.0,500.0,70.0,150.0,7.142857142857143,192.06612442391705,1.7713008377760187,398.41796313354837,176.77669529663692,58.92556509887898,0.993951535576275,0.9957374200394026,0.9951258517198788,0.9951258517549249,0.9898170187908939
50.0,3.0,550.0,50.0,150.0,10.0,211.2727368663088,2.3576014150798823,442.5454737326176,194.4543648263006,64.81812160876687,0.993136801740939,0.9949341202643778,0.9950803247593044,0.9950803247609709,0.9874524371791026
50.0,3.0,550.0,60.0,150.0,8.333333333333334,211.2727368663088,2.3576014150798823,439.21214039928424,194.4543648263006,64.81812160876687,0.9935483204459963,0.9949272016133686,0.9950895029593356,0.9950895029593356,0.9890870742519456
50.0,3.0,550.0,70.0,150.0,7.142857142857143,211.2727368663088,2.3576014150798823,436.8311880183319,194.4543648263006,64.81812160876687,0.9938022556900028,0.9949331579874962,0.9950984515017467,0.9950984515017467,0.9900789617690215
50.0,3.0,600.0,50.0,150.0,10.0,230.47934930870048,3.0608078476769607,480.95869861740096,212.1320343559643,70.71067811865477,0.9933134099067764,0.9942474587749311,0.9950049199677746,0.9950049199677746,0.9889963409166255
50.0,3.0,600.0,60.0,150.0,8.333333333333334,230.47934930870048,3.0608078476769607,477.62536528406764,212.1320343559643,70.71067811865477,0.9935732884986164,0.9942457068094162,0.9950156057677046,0.9950156057688315,0.9900162356485129
50.0,3.0,600.0,70.0,150.0,7.142857142857143,230.47934930870048,3.0608078476769607,475.24441290311523,212.1320343559643,70.71067811865477,0.9937323128538715,0.9942472267252978,0.995022834554059,0.995022834554059,0.9906363555820701
50.0,3.2,400.0,50.0,160.0,10.0,153.65289953913367,0.9069060289413221,327.30579907826734,141.42135623730954,44.19417382415923,0.9894253153415756,0.9809343180319823,0.9943439620715553,0.9943439620715553,0.9880790191912096
50.0,3.2,400.0,60.0,160.0,8.333333333333334,153.65289953913367,0.9069060289413221,323.97246574493397,141.42135623730954,44.19417382415923,0.9898888610661276,0.9809316941680322,0.9943557640669636,0.9943557641095473,0.9899122219199675
50.0,3.2,400.0,70.0,160.0,7.142857142857143,153.65289953913367,0.9069060289413221,321.5915133639816,141.42135623730954,44.19417382415923,0.9901666359149951,0.9809349986747398,0.994362310813547,0.9943623108143531,0.9910069233573403
50.0,3.2,450.0,50.0,160.0,10.0,172.85951198152537,1.291278310738718,365.7190239630508,159.09902576697323,49.71844555217913,0.9890358193857332,0.9804046910493187,0.9945710803050323,0.9945710803063148,0.9865964258822668
50.0,3.2,450.0,60.0,160.0,8.333333333333334,172.85951198152537,1.291278310738718,362.38569062971743,159.09902576697323,49.71844555217913,0.9895800147744801,0.9804031647768552,0.9945822948421678,0.9945822949015096,0.9887523045773878
50.0,3.2,450.0,70.0,160.0,7.142857142857143,172.85951198152537,1.291278310738718,360.0047382487651,159.09902576697323,49.71844555217913,0.9899085363119811,0.9804023254355411,0.9945887086957281,0.9945887086957281,0.9900544024209268
50.0,3.2,500.0,50.0,160.0,10.0,192.06612442391705,1.7713008377760187,404.1322488478341,176.77669529663692,55.24271728019904,0.9890042324783188,0.9802423175314179,0.9946910543023288,0.9946910543037055,0.9863925037758231
50.0,3.2,500.0,60.0,160.0,8.333333333333334,192.06612442391705,1.7713008377760187,400.7989155145008,176.77669529663692,55.24271728019904,0.9895279401723831,0.9802406225941376,0.9947006490791686,0.9947006490791686,0.988469839937058
50.0,3.2,500.0,70.0,160.0,7.142857142857143,192.06612442391705,1.7713008377760187,398.41796313354837,176.77669529663692,55.24271728019904,0.9898463939771379,0.9802399022035526,0.9947075622982344,0.9947075623358508,0.9897305490709138
50.0,3.2,550.0,50.0,160.0,10.0,211.2727368663088,2.3576014150798823,442.5454737326176,194.4543648263006,60.76698900821894,0.9892715005518253,0.9802528609247888,0.9947293420839011,0.9947293420839011,0.9873744571147103
50.0,3.2,550.0,60.0,160.0,8.333333333333334,211.2727368663088,2.3576014150798823,439.21214039928424,194.4543648263006,60.76698900821894,0.9896853416477474,0.9802515933808801,0.9947389320076618,0.9947389320085152,0.9890119091939324
50.0,3.2,550.0,70.0,160.0,7.142857142857143,211.2727368663088,2.3576014150798823,436.8311880183319,194.4543648263006,60.76698900821894,0.9899369804565654,0.9802507135335368,0.9947460189906783,0.9947460189906783,0.9900051703113686
50.0,3.2,600.0,50.0,160.0,10.0,230.47934930870048,3.0608078476769607,480.95869861740096,212.1320343559643,66.29126073623884,0.9896707854017754,0.9803380965395094,0.9947065008706419,0.9947065008706419,0.9889320433263082
50.0,3.2,600.0,60.0,160.0,8.333333333333334,230.47934930870048,3.0608078476769607,477.62536528406764,212.1320343559643,66.29126073623884,0.9899312292965379,0.9803376264266894,0.9947171026649001,0.9947171026660957,0.9899530854284664
50.0,3.2,600.0,70.0,160.0,7.142857142857143,230.47934930870048,3.0608078476769607,475.24441290311523,212.1320343559643,66.29126073623884,0.9900898076132869,0.9803362406712149,0.9947248027038668,0.9947248027067208,0.9905733843713451
55.0,2.8,400.0,50.0,154.0,10.0,126.98586738771378,0.5119248103459729,273.9717347754276,116.87715391513184,41.74184068397566,0.9832226211830846,0.9505240655493333,0.9953278911083597,0.9953278911110408,0.9917106369636046
55.0,2.8,400.0,60.0,154.0,8.333333333333334,126.98586738771378,0.5119248103459729,270.6384014420942,116.87715391513184,41.74184068397566,0.9834784161427644,0.9505197874251781,0.9953381924240203,0.9953381924240203,0.992717492297839
55.0,2.8,400.0,70.0,154.0,7.142857142857143,126.98586738771378,0.5119248103459729,268.25744906114187,116.87715391513184,41.74184068397566,0.9836319470219583,0.9505163865915446,0.9953456817583621,0.9953456817849868,0.9933200379529399
55.0,2.8,450.0,50.0,154.0,10.0,142.859100811178,0.7288929428558871,305.71820162235605,131.48679815452334,46.95957076947261,0.9840979300652896,0.9557483714621178,0.9954712671045007,0.9954712671109194,0.9897008145836204
55.0,2.8,450.0,60.0,154.0,8.333333333333334,142.859100811178,0.7288929428558871,302.3848682890227,131.48679815452334,46.95957076947261,0.9844981209344458,0.9558131348440858,0.9954823455005086,0.9954823455012759,0.991214657891913
55.0,2.8,450.0,70.0,154.0,7.142857142857143,142.859100811178,0.7288929428558871,300.00391590807027,131.48679815452334,46.95957076947261,0.9847290699685207,0.9558106220085527,0.9954890895939477,0.9954890896234192,0.9921274786481635
55.0,2.8,500.0,50.0,154.0,10.0,158.7323342346422,0.999853145206978,337.4646684692844,146.09644239391483,52.17730085496957,0.9846753962638933,0.9596953087906065,0.9955436712161785,0.9955436712161785,0.9879189338326098
55.0,2.8,500.0,60.0,154.0,8.333333333333334,158.7323342346422,0.999853145206978,334.1313351359511,146.09644239391483,52.17730085496957,0.9851675094206016,0.9596957139439428,0.9955541283952538,0.9955541284294355,0.9898660669137742
55.0,2.8,500.0,70.0,154.0,7.142857142857143,158.7323342346422,0.999853145206978,331.75038275499867,146.09644239391483,52.17730085496957,0.9854666749785599,0.9596963080597865,0.9955613244157916,0.9955613244168684,0.9910477430217928
55.0,2.8,550.0,50.0,154.0,10.0,174.60556765810645,1.330804536270488,369.2111353162129,160.70608663330628,57.39503094046653,0.9851512629276657,0.9626630928929483,0.9955612127755276,0.9955612127765554,0.9868195332656318
55.0,2.8,550.0,60.0,154.0,8.333333333333334,174.60556765810645,1.330804536270488,365.87780198287953,160.70608663330628,57.39503094046653,0.9857010120371736,0.9626710318579272,0.9955718061685352,0.99557180620051,0.9889894039217221
55.0,2.8,550.0,70.0,154.0,7.142857142857143,174.60556765810645,1.330804536270488,363.4968496019272,160.70608663330628,57.39503094046653,0.986030558070804,0.9626662271688398,0.9955778027634783,0.9955778027634783,0.9903003995874193
55.0,2.8,600.0,50.0,154.0,10.0,190.47880108157065,1.7277462349176578,400.9576021631413,175.31573087269777,62.612761025963486,0.9856579974308528,0.964939641498866,0.9955352917088771,0.9955352917088771,0.9866217648067908
55.0,2.8,600.0,60.0,154.0,8.333333333333334,190.47880108157065,1.7277462349176578,397.62426882980793,175.31573087269777,62.612761025963486,0.9861895392912816,0.9649405848988863,0.9955449183288136,0.9955449183288136,0.9887277356086127
55.0,2.8,600.0,70.0,154.0,7.142857142857143,190.47880108157065,1.7277462349176578,395.2433164488556,175.31573087269777,62.612761025963486,0.9865115835009091,0.9649386124018606,0.9955520414059086,0.9955520414059086,0.9900036387899583
55.0,3.0,400.0,50.0,165.0,10.0,126.98586738771378,0.5119248103459729,273.9717347754276,116.87715391513184,38.95905130504395,0.9946746497723282,0.9979100868366069,0.9946091127482348,0.9946091127520649,0.9915702867524063
55.0,3.0,400.0,60.0,165.0,8.333333333333334,126.98586738771378,0.5119248103459729,270.6384014420942,116.87715391513184,38.95905130504395,0.9949352285250699,0.9979142704206537,0.994621363358717,0.994621363358717,0.992583916962192
55.0,3.0,400.0,70.0,165.0,7.142857142857143,126.98586738771378,0.5119248103459729,268.25744906114187,116.87715391513184,38.95905130504395,0.9950901811603666,0.9979158409438744,0.9946284692803277,0.9946284693123275,0.993187945104937
55.0,3.0,450.0,50.0,165.0,10.0,142.859100811178,0.7288929428558871,305.71820162235605,131.48679815452334,43.82893271817444,0.9941790084873527,0.9973638727802736,0.9948849497602764,0.994884949765517,0.9895822616433442
55.0,3.0,450.0,60.0,165.0,8.333333333333334,142.859100811178,0.7288929428558871,302.3848682890227,131.48679815452334,43.82893271817444,0.9945649252788515,0.9973633816437139,0.9948962764878837,0.9948962764889251,0.9911037664948839
55.0,3.0,450.0,70.0,165.0,7.142857142857143,142.859100811178,0.7288929428558871,300.00391590807027,131.48679815452334,43.82893271817444,0.9947961154139788,0.9973622945670167,0.9949028095542056,0.9949028095941748,0.9920165479405181
55.0,3.0,500.0,50.0,165.0,10.0,158.7323342346422,0.999853145206978,337.4646684692844,146.09644239391483,48.69881413130494,0.9936264559624122,0.9965593019129362,0.9950573570514165,0.9950573570536806,0.9878318078316157
55.0,3.0,500.0,60.0,165.0,8.333333333333334,158.7323342346422,0.999853145206978,334.1313351359511,146.09644239391483,48.69881413130494,0.9941188319567807,0.9965565685480415,0.9950677272390274,0.9950677272961057,0.9897833047439484
55.0,3.0,500.0,70.0,165.0,7.142857142857143,158.7323342346422,0.999853145206978,331.75038275499867,146.09644239391483,48.69881413130494,0.9944163740154837,0.9965595749597513,0.9950741645712535,0.9950741645712535,0.9909575919596763
55.0,3.0,550.0,50.0,165.0,10.0,174.60556765810645,1.330804536270488,369.2111353162129,160.70608663330628,53.56869554443543,0.9932021172654355,0.9957533075584334,0.9951499378892521,0.9951499378892521,0.9867552857248043
55.0,3.0,550.0,60.0,165.0,8.333333333333334,174.60556765810645,1.330804536270488,365.87780198287953,160.70608663330628,53.56869554443543,0.9937468721390224,0.9957436384626309,0.9951618443849433,0.9951618443849433,0.9889201613235723
55.0,3.0,550.0,70.0,165.0,7.142857142857143,174.60556765810645,1.330804536270488,363.4968496019272,160.70608663330628,53.56869554443543,0.9940764350012787,0.9957410729171193,0.9951682842695317,0.9951682842695317,0.990228098548932
55.0,3.0,600.0,50.0,165.0,10.0,190.47880108157065,1.7277462349176578,400.9576021631413,175.31573087269777,58.43857695756592,0.992991590546658,0.9950186061254234,0.9951858977430925,0.9951858977430925,0.9865759605750235
55.0,3.0,600.0,60.0,165.0,8.333333333333334,190.47880108157065,1.7277462349176578,397.62426882980793,175.31573087269777,58.43857695756592,0.993520578133382,0.995017329014386,0.9951953185220922,0.9951953185220922,0.9886743464749578
55.0,3.0,600.0,70.0,165.0,7.142857142857143,190.47880108157065,1.7277462349176578,395.2433164488556,175.31573087269777,58.43857695756592,0.9938421221202349,0.9950173302406908,0.9952027836267663,0.9952027836267663,0.9899455909867165
55.0,3.2,400.0,50.0,176.0,10.0,126.98586738771378,0.5119248103459729,273.9717347754276,116.87715391513184,36.52411059847871,0.990138610008615,0.9817748539365455,0.9936866454734945,0.9936866454734945,0.9914062951509255
55.0,3.2,400.0,60.0,176.0,8.333333333333334,126.98586738771378,0.5119248103459729,270.6384014420942,116.87715391513184,36.52411059847871,0.9903967318745236,0.9817724611586627,0.9936970748997044,0.9936970748997044,0.9924203165400232
55.0,3.2,400.0,70.0,176.0,7.142857142857143,126.98586738771378,0.5119248103459729,268.25744906114187,116.87715391513184,36.52411059847871,0.9905511809868296,0.9817709297394566,0.9937045495041101,0.9937045495355985,0.9930246951681532
55.0,3.2,450.0,50.0,176.0,10.0,142.859100811178,0.7288929428558871,305.71820162235605,131.48679815452334,41.08962442328854,0.9896261569732347,0.9807899101041815,0.9941376755467088,0.9941376755515476,0.9894393666905009
55.0,3.2,450.0,60.0,176.0,8.333333333333334,142.859100811178,0.7288929428558871,302.3848682890227,131.48679815452334,41.08962442328854,0.9900119270372976,0.9807872422288091,0.9941488006264088,0.9941488006273405,0.990962864666632
55.0,3.2,450.0,70.0,176.0,7.142857142857143,142.859100811178,0.7288929428558871,300.00391590807027,131.48679815452334,41.08962442328854,0.990242823840942,0.9807847993724033,0.9941557079256298,0.9941557079262344,0.9918750801395007
55.0,3.2,500.0,50.0,176.0,10.0,158.7323342346422,0.999853145206978,337.4646684692844,146.09644239391483,45.65513824809838,0.9892396833749277,0.9803632669177662,0.994442664894352,0.994442664894352,0.9877101367932409
55.0,3.2,500.0,60.0,176.0,8.333333333333334,158.7323342346422,0.999853145206978,334.1313351359511,146.09644239391483,45.65513824809838,0.9897311603468003,0.9803608165578852,0.9944508066387614,0.9944508066840532,0.9896622115065015
55.0,3.2,500.0,70.0,176.0,7.142857142857143,158.7323342346422,0.999853145206978,331.75038275499867,146.09644239391483,45.65513824809838,0.9900271541047793,0.9803588587123524,0.9944572388007982,0.9944572388007982,0.9908352801051684
55.0,3.2,550.0,50.0,176.0,10.0,174.60556765810645,1.330804536270488,369.2111353162129,160.70608663330628,50.220652072908216,0.9890354456814663,0.9802272429554579,0.9946344699970422,0.9946344699970422,0.9866455997763228
55.0,3.2,550.0,60.0,176.0,8.333333333333334,174.60556765810645,1.330804536270488,365.87780198287953,160.70608663330628,50.220652072908216,0.9895819470562978,0.9802258885272597,0.9946448910656698,0.9946448910656698,0.9888121175665918
55.0,3.2,550.0,70.0,176.0,7.142857142857143,174.60556765810645,1.330804536270488,363.4968496019272,160.70608663330628,50.220652072908216,0.9899118763523436,0.9802248532410638,0.9946509372959076,0.9946509372959076,0.9901207775764951
55.0,3.2,600.0,50.0,176.0,10.0,190.47880108157065,1.7277462349176578,400.9576021631413,175.31573087269777,54.78616589771806,0.9890511395530295,0.9802345928803218,0.9947461470175762,0.9947461470175762,0.9864776712966438
55.0,3.2,600.0,60.0,176.0,8.333333333333334,190.47880108157065,1.7277462349176578,397.62426882980793,175.31573087269777,54.78616589771806,0.9895809075862237,0.9802333705183655,0.9947555668980468,0.9947555668980468,0.988579126030436
55.0,3.2,600.0,70.0,176.0,7.142857142857143,190.47880108157065,1.7277462349176578,395.2433164488556,175.31573087269777,54.78616589771806,0.9899027704305312,0.9802324893175297,0.9947634308923021,0.9947634308923021,0.989851730619991
60.0,2.8,400.0,50.0,168.0,10.0,106.70340245773176,0.3037209941316909,233.4068049154635,98.20927516479829,35.074741130285105,0.9824522862418479,0.9459608277572126,0.9949451019266462,0.9949451019611146,0.9939581133224183
60.0,2.8,400.0,60.0,168.0,8.333333333333334,106.70340245773176,0.3037209941316909,230.07347158213017,98.20927516479829,35.074741130285105,0.9825728269534804,0.9459545447708924,0.9949555651174398,0.9949555651174398,0.9944256328081498
60.0,2.8,400.0,70.0,168.0,7.142857142857143,106.70340245773176,0.3037209941316909,227.69251920117782,98.20927516479829,35.074741130285105,0.9826257826257765,0.9458693628874099,0.9949630665164156,0.9949630665164156,0.9947076345828647
60.0,2.8,450.0,50.0,168.0,10.0,120.04132776494822,0.43244649359766146,260.08265552989644,110.48543456039808,39.45908377157075,0.9837491529614587,0.9518848974934726,0.9952255905396742,0.995225590543256,0.992660533269432
60.0,2.8,450.0,60.0,168.0,8.333333333333334,120.04132776494822,0.43244649359766146,256.7493221965631,110.48543456039808,39.45908377157075,0.9839740202848588,0.9519696630893907,0.995235191432435,0.995235191432435,0.9934560351851748
60.0,2.8,450.0,70.0,168.0,7.142857142857143,120.04132776494822,0.43244649359766146,254.36836981561072,110.48543456039808,39.45908377157075,0.9840755902303754,0.9518844533159856,0.9952439087891183,0.995243908789559,0.9939300900268385
60.0,2.8,500.0,50.0,168.0,10.0,133.3792530721647,0.5932050666634587,286.75850614432943,122.76159395599785,43.84342641285638,0.9845962247859525,0.9565341192925791,0.9954151492792548,0.9954151492818223,0.9910204812901536
60.0,2.8,500.0,60.0,168.0,8.333333333333334,133.3792530721647,0.5932050666634587,283.42517281099606,122.76159395599785,43.84342641285638,0.9848872976333072,0.9564640581034771,0.9954255328006516,0.9954255328006516,0.9922340668284482
60.0,2.8,500.0,70.0,168.0,7.142857142857143,133.3792530721647,0.5932050666634587,281.04422043004365,122.76159395599785,43.84342641285638,0.985089297427568,0.956523761880078,0.9954339366788206,0.9954339367127027,0.9929655544386705
60.0,2.8,550.0,50.0,168.0,10.0,146.71717837938118,0.7895559437290638,313.43435675876236,135.03775335159764,48.227769054142016,0.9850934446283741,0.9599672821889234,0.9955352793625758,0.9955352793625758,0.9893359375994215
60.0,2.8,550.0,60.0,168.0,8.333333333333334,146.71717837938118,0.7895559437290638,310.101023425429,135.03775335159764,48.227769054142016,0.9855187527133125,0.9600062218961035,0.9955463158909628,0.9955463158909628,0.9909761571752205
60.0,2.8,550.0,70.0,168.0,7.142857142857143,146.71717837938118,0.7895559437290638,307.72007104447664,135.03775335159764,48.227769054142016,0.9857585405690046,0.9599596282866307,0.9955579925744147,0.9955579925744147,0.9919585488405581
60.0,2.8,600.0,50.0,168.0,10.0,160.05510368659765,1.025058355194457,340.1102073731953,147.31391274719743,52.61211169542765,0.9854406521558546,0.9626561250797697,0.9956005271125876,0.9956005271125876,0.9879054293184735
60.0,2.8,600.0,60.0,168.0,8.333333333333334,160.05510368659765,1.025058355194457,336.7768740398619,147.31391274719743,52.61211169542765,0.9859427803596503,0.9626605602303597,0.9956109695493569,0.9956109695493569,0.9898886221095278
60.0,2.8,600.0,70.0,168.0,7.142857142857143,160.05510368659765,1.025058355194457,334.3959216589096,147.31391274719743,52.61211169542765,0.9862505365033238,0.9626860865809473,0.9956176489320705,0.9956176489320705,0.9910807615682067
60.0,3.0,400.0,50.0,180.0,10.0,106.70340245773176,0.3037209941316909,233.4068049154635,98.20927516479829,32.736425054932766,0.9948729620069099,0.9978884967411329,0.9939208637009528,0.9939208637009528,0.9937616238846011
60.0,3.0,400.0,60.0,180.0,8.333333333333334,106.70340245773176,0.3037209941316909,230.07347158213017,98.20927516479829,32.736425054932766,0.9949964847587314,0.9978883790361863,0.9939313203585122,0.9939313203585122,0.9942349192817146
60.0,3.0,400.0,70.0,180.0,7.142857142857143,106.70340245773176,0.3037209941316909,227.69251920117782,98.20927516479829,32.736425054932766,0.9950715768007026,0.9978884571057345,0.9939387333407266,0.9939387333407266,0.9945203834156229
60.0,3.0,450.0,50.0,180.0,10.0,120.04132776494822,0.43244649359766146,260.08265552989644,110.48543456039808,36.82847818679936,0.9947758613635225,0.9978359723656453,0.9943892911516099,0.9943892911925595,0.9924888907442755
60.0,3.0,450.0,60.0,180.0,8.333333333333334,120.04132776494822,0.43244649359766146,256.7493221965631,110.48543456039808,36.82847818679936,0.9949827286047274,0.9978379191077718,0.9943997342321045,0.9943997342321045,0.9932935268469288
60.0,3.0,450.0,70.0,180.0,7.142857142857143,120.04132776494822,0.43244649359766146,254.36836981561072,110.48543456039808,36.82847818679936,0.9951078078341917,0.9978453060998211,0.994408494186847,0.9944084941877198,0.9937689368623792
60.0,3.0,500.0,50.0,180.0,10.0,133.3792530721647,0.5932050666634587,286.75850614432943,122.76159395599785,40.92053131866595,0.9943906760070604,0.9972400841723128,0.994722163820936,0.994722163820936,0.9908782922140569
60.0,3.0,500.0,60.0,180.0,8.333333333333334,133.3792530721647,0.5932050666634587,283.42517281099606,122.76159395599785,40.92053131866595,0.9947033698958037,0.9972536191846131,0.9947331782945068,0.9947331782945068,0.9920935038095877
60.0,3.0,500.0,70.0,180.0,7.142857142857143,133.3792530721647,0.5932050666634587,281.04422043004365,122.76159395599785,40.92053131866595,0.99488981499096,0.9972510843845019,0.9947399813370564,0.9947399813707059,0.9928282128715756
60.0,3.0,550.0,50.0,180.0,10.0,146.71717837938118,0.7895559437290638,313.43435675876236,135.03775335159764,45.01258445053255,0.993908816177083,0.9965056660990366,0.9949518874463141,0.9949518874463141,0.9892258237166673
60.0,3.0,550.0,60.0,180.0,8.333333333333334,146.71717837938118,0.7895559437290638,310.101023425429,135.03775335159764,45.01258445053255,0.9943200897011285,0.996493074795012,0.9949643453771999,0.9949643453771999,0.9908585932551022
60.0,3.0,550.0,70.0,180.0,7.142857142857143,146.71717837938118,0.7895559437290638,307.72007104447664,135.03775335159764,45.01258445053255,0.9945727568300778,0.9965064876702705,0.9949701119516816,0.9949701119516816,0.9918443157466776
60.0,3.0,600.0,50.0,180.0,10.0,160.05510368659765,1.025058355194457,340.1102073731953,147.31391274719743,49.10463758239914,0.9934462499190538,0.9957659994728527,0.9951031311219676,0.9951031311219676,0.9878127379594275
60.0,3.0,600.0,60.0,180.0,8.333333333333334,160.05510368659765,1.025058355194457,336.7768740398619,147.31391274719743,49.10463758239914,0.9939454899527362,0.9957618421738109,0.9951135751462452,0.9951135751462452,0.9897929673446436
60.0,3.0,600.0,70.0,180.0,7.142857142857143,160.05510368659765,1.025058355194457,334.3959216589096,147.31391274719743,49.10463758239914,0.9942471406948673,0.9957652467123167,0.9951200037355565,0.9951200037355565,0.9909833085960396
60.0,3.2,400.0,50.0,192.0,10.0,106.70340245773176,0.3037209941316909,233.4068049154635,98.20927516479829,30.690398488999463,0.9904342601504029,0.9830060862491917,0.992602528858265,0.992602528894708,0.9935258965994469
60.0,3.2,400.0,60.0,192.0,8.333333333333334,106.70340245773176,0.3037209941316909,230.07347158213017,98.20927516479829,30.690398488999463,0.9905606993565725,0.9830146071888022,0.9926129547965896,0.9926129547965896,0.9940022806443085
60.0,3.2,400.0,70.0,192.0,7.142857142857143,106.70340245773176,0.3037209941316909,227.69251920117782,98.20927516479829,30.690398488999463,0.9906322724909544,0.9830021192492441,0.9926204623066099,0.9926204623066099,0.9942860461013537
60.0,3.2,450.0,50.0,192.0,10.0,120.04132776494822,0.43244649359766146,260.08265552989644,110.48543456039808,34.526698300124394,0.9900925145227537,0.9814312188827267,0.9933223018876467,0.9933223018907205,0.9922942354299211
60.0,3.2,450.0,60.0,192.0,8.333333333333334,120.04132776494822,0.43244649359766146,256.7493221965631,110.48543456039808,34.526698300124394,0.9902973925169469,0.9814288653503505,0.9933329958195913,0.9933329958195913,0.9930947130782546
60.0,3.2,450.0,70.0,192.0,7.142857142857143,120.04132776494822,0.43244649359766146,254.36836981561072,110.48543456039808,34.526698300124394,0.9904250520676365,0.9814506468265216,0.9933401042924992,0.9933401042928973,0.993569352858628
60.0,3.2,500.0,50.0,192.0,10.0,133.3792530721647,0.5932050666634587,286.75850614432943,122.76159395599785,38.36299811124933,0.989763203646385,0.9806621994058526,0.9938409845089782,0.9938409845107441,0.990708646159965
60.0,3.2,500.0,60.0,192.0,8.333333333333334,133.3792530721647,0.5932050666634587,283.42517281099606,122.76159395599785,38.36299811124933,0.99007297377399,0.9806630358659559,0.993851273644649,0.993851273644649,0.9919263119407058
60.0,3.2,500.0,70.0,192.0,7.142857142857143,133.3792530721647,0.5932050666634587,281.04422043004365,122.76159395599785,38.36299811124933,0.9902609210998549,0.9806681772026067,0.993858740211193,0.9938587402391952,0.9926580267464247
60.0,3.2,550.0,50.0,192.0,10.0,146.71717837938118,0.7895559437290638,313.43435675876236,135.03775335159764,42.199297922374264,0.9894576751976139,0.9803284636921741,0.9942132031971731,0.9942132031971731,0.9890758307039351
60.0,3.2,550.0,60.0,192.0,8.333333333333334,146.71717837938118,0.7895559437290638,310.101023425429,135.03775335159764,42.199297922374264,0.9898702018515109,0.9803230004486649,0.9942229612100044,0.9942229612100044,0.9907118845373699
60.0,3.2,550.0,70.0,192.0,7.142857142857143,146.71717837938118,0.7895559437290638,307.72007104447664,135.03775335159764,42.199297922374264,0.990121521067293,0.9803264593912955,0.9942312064852398,0.9942312064892285,0.9916972119034083
60.0,3.2,600.0,50.0,192.0,10.0,160.05510368659765,1.025058355194457,340.1102073731953,147.31391274719743,46.0355977334992,0.9892117366337436,0.9802151252753433,0.9944754546264427,0.9944754546264427,0.9876809120067458
60.0,3.2,600.0,60.0,192.0,8.333333333333334,160.05510368659765,1.025058355194457,336.7768740398619,147.31391274719743,46.0355977334992,0.9897120703870348,0.9802136280333896,0.9944858918326553,0.9944858918326553,0.9896628698494385
60.0,3.2,600.0,70.0,192.0,7.142857142857143,160.05510368659765,1.025058355194457,334.3959216589096,147.31391274719743,46.0355977334992,0.9900127094065774,0.9802123080622323,0.9944923195845935,0.9944923195845935,0.9908538903948905
65.0,2.8,400.0,50.0,182.0,10.0,90.91887546694302,0.1878893548390505,201.83775093388604,83.68127588006482,29.886169957166008,0.9811975508154218,0.9413456596771135,0.9943061484056932,0.9943061484362492,0.9948322467426312
65.0,2.8,400.0,60.0,182.0,8.333333333333334,90.91887546694302,0.1878893548390505,198.5044176005527,83.68127588006482,29.886169957166008,0.9812753520403492,0.9413381976140156,0.9943155061314854,0.9943155061314854,0.9951321982844101
65.0,2.8,400.0,70.0,182.0,7.142857142857143,90.91887546694302,0.1878893548390505,196.12346521960035,83.68127588006482,29.886169957166008,0.9813235791893036,0.9413325599833249,0.994322935758954,0.994322935758954,0.9953158852559811
65.0,2.8,450.0,50.0,182.0,10.0,102.28373490031089,0.2675221478079449,224.56746980062178,94.14143536507291,33.62194120181176,0.9829501491645025,0.9479593750298235,0.9947391956543254,0.9947391956543254,0.9943628303195359
65.0,2.8,450.0,60.0,182.0,8.333333333333334,102.28373490031089,0.2675221478079449,221.23413646728847,94.14143536507291,33.62194120181176,0.9830527184006228,0.9479539867931394,0.994751392149366,0.9947513921874409,0.9947541024725448
65.0,2.8,450.0,70.0,182.0,7.142857142857143,102.28373490031089,0.2675221478079449,218.85318408633609,94.14143536507291,33.62194120181176,0.9831168181262813,0.9479500949101327,0.9947628422704577,0.9947628422704577,0.9949914930540772
65.0,2.8,500.0,50.0,182.0,10.0,113.64859433367876,0.3669713961700203,247.29718866735752,104.60159485008103,37.357712446457505,0.9841697298556751,0.9531196842396144,0.995064271554571,0.995064271554571,0.9934306920739442
65.0,2.8,500.0,60.0,182.0,8.333333333333334,113.64859433367876,0.3669713961700203,243.96385533402417,104.60159485008103,37.357712446457505,0.9843296786285678,0.9531156970610908,0.9950748411251372,0.9950748411251372,0.994053335202906
65.0,2.8,500.0,70.0,182.0,7.142857142857143,113.64859433367876,0.3669713961700203,241.5829029530718,104.60159485008103,37.357712446457505,0.9844063604378356,0.9530355306071477,0.9950822810770887,0.9950822810770887,0.994425348990017
65.0,2.8,550.0,50.0,182.0,10.0,125.01345376704664,0.48843892830229735,270.0269075340933,115.06175433508912,41.09348369110326,0.984956503225797,0.9570592921279047,0.9953022364820607,0.9953022364865604,0.9921622478066623
65.0,2.8,550.0,60.0,182.0,8.333333333333334,125.01345376704664,0.48843892830229735,266.69357420075994,115.06175433508912,41.09348369110326,0.98519466494616,0.9570511751276072,0.9953089638834263,0.9953089638834263,0.9931095568901802
65.0,2.8,550.0,70.0,182.0,7.142857142857143,125.01345376704664,0.48843892830229735,264.3126218198076,115.06175433508912,41.09348369110326,0.9853541842845952,0.9571099263228511,0.99531639935898,0.99531639935898,0.9936740120975699
65.0,2.8,600.0,50.0,182.0,10.0,136.3783132004145,0.6341265725817954,292.7566264008291,125.52191382009721,44.82925493574901,0.9854580891736711,0.9601864146848428,0.9954623881527969,0.9954623881527969,0.9907211657042478
65.0,2.8,600.0,60.0,182.0,8.333333333333334,136.3783132004145,0.6341265725817954,289.4232930674957,125.52191382009721,44.82925493574901,0.9857963939990262,0.9602050826618858,0.9954728420036247,0.9954728420036247,0.9920348093269693
65.0,2.8,600.0,70.0,182.0,7.142857142857143,136.3783132004145,0.6341265725817954,287.04234068654335,125.52191382009721,44.82925493574901,0.9859923297280855,0.9601811450143133,0.9954808740634244,0.9954808740644203,0.9928264257701838
65.0,3.0,400.0,50.0,195.0,10.0,90.91887546694302,0.1878893548390505,201.83775093388604,83.68127588006482,27.89375862668827,0.9944036726010752,0.9972832728284199,0.9928840782506834,0.99288407827918,0.9945632610460174
65.0,3.0,400.0,60.0,195.0,8.333333333333334,90.91887546694302,0.1878893548390505,198.5044176005527,83.68127588006482,27.89375862668827,0.9944864247019904,0.9972838419466381,0.9928945654307082,0.9928945654307082,0.9948727259999073
65.0,3.0,400.0,70.0,195.0,7.142857142857143,90.91887546694302,0.1878893548390505,196.12346521960035,83.68127588006482,27.89375862668827,0.9945365646065571,0.9972834549797814,0.9929019859729001,0.9929019859729001,0.9950588315006466
65.0,3.0,450.0,50.0,195.0,10.0,102.28373490031089,0.2675221478079449,224.56746980062178,94.14143536507291,31.380478455024303,0.9948206424106607,0.997986972696846,0.9935834639554764,0.9935834639566624,0.9941286690336583
65.0,3.0,450.0,60.0,195.0,8.333333333333334,102.28373490031089,0.2675221478079449,221.23413646728847,94.14143536507291,31.380478455024303,0.9949246043870581,0.9979888940540851,0.9935904305137171,0.9935904305159196,0.9945286624645104
65.0,3.0,450.0,70.0,195.0,7.142857142857143,102.28373490031089,0.2675221478079449,218.85318408633609,94.14143536507291,31.380478455024303,0.9949891405882141,0.9979885649532412,0.9935998498343892,0.9935998498343892,0.9947682977308369
65.0,3.0,500.0,50.0,195.0,10.0,113.64859433367876,0.3669713961700203,247.29718866735752,104.60159485008103,34.86719828336034,0.9947940188854154,0.9977425051977415,0.9941041730446166,0.9941041730455495,0.9932252242537543
65.0,3.0,500.0,60.0,195.0,8.333333333333334,113.64859433367876,0.3669713961700203,243.96385533402417,104.60159485008103,34.86719828336034,0.9949584228174643,0.9977423211097229,0.9941169684745494,0.9941169684798625,0.9938574332057221
65.0,3.0,500.0,70.0,195.0,7.142857142857143,113.64859433367876,0.3669713961700203,241.5829029530718,104.60159485008103,34.86719828336034,0.9950527744904493,0.9977355296056555,0.9941210034067505,0.9941210034067505,0.9942335615426405
65.0,3.0,550.0,50.0,195.0,10.0,125.01345376704664,0.48843892830229735,270.0269075340933,115.06175433508912,38.35391811169637,0.9945275940225442,0.9971431760665801,0.9944895973960547,0.9944895974005761,0.9919880052269658
65.0,3.0,550.0,60.0,195.0,8.333333333333334,125.01345376704664,0.48843892830229735,266.69357420075994,115.06175433508912,38.35391811169637,0.9947734036058844,0.9971540212155836,0.9944998962963197,0.9944998962963197,0.9929398006153147
65.0,3.0,550.0,70.0,195.0,7.142857142857143,125.01345376704664,0.48843892830229735,264.3126218198076,115.06175433508912,38.35391811169637,0.99491625695121,0.9971419040691202,0.9945073657942378,0.994507365825976,0.9935083921155061
65.0,3.0,600.0,50.0,195.0,10.0,136.3783132004145,0.6341265725817954,292.7566264008291,125.52191382009721,41.84063794003241,0.9941435940069128,0.9964549099705298,0.9947727740690759,0.9947727740690759,0.9905739179189694
65.0,3.0,600.0,60.0,195.0,8.333333333333334,136.3783132004145,0.6341265725817954,289.4232930674957,125.52191382009721,41.84063794003241,0.994478786989571,0.9964585412892424,0.9947832151662859,0.9947832151662859,0.99189017633647
65.0,3.0,600.0,70.0,195.0,7.142857142857143,136.3783132004145,0.6341265725817954,287.04234068654335,125.52191382009721,41.84063794003241,0.994680275197055,0.9964571165756051,0.9947906339847634,0.9947906339847634,0.9926827162430882
65.0,3.2,400.0,50.0,208.0,10.0,90.91887546694302,0.1878893548390505,201.83775093388604,83.68127588006482,26.150398712520257,0.9902418539955589,0.984626935851829,0.9910493234507471,0.9910493234894562,0.9942418331902032
65.0,3.2,400.0,60.0,208.0,8.333333333333334,90.91887546694302,0.1878893548390505,198.5044176005527,83.68127588006482,26.150398712520257,0.9903238179738015,0.9846250333622333,0.9910597713478189,0.9910597713478189,0.9945506958373351
65.0,3.2,400.0,70.0,208.0,7.142857142857143,90.91887546694302,0.1878893548390505,196.12346521960035,83.68127588006482,26.150398712520257,0.9903740032634061,0.9846228161654003,0.9910671530989135,0.9910671530989135,0.9947388906903969
65.0,3.2,450.0,50.0,208.0,10.0,102.28373490031089,0.2675221478079449,224.56746980062178,94.14143536507291,29.419198551585286,0.9901105268466424,0.9823856507665639,0.9920986950842162,0.9920986950852972,0.993859066450492
65.0,3.2,450.0,60.0,208.0,8.333333333333334,102.28373490031089,0.2675221478079449,221.23413646728847,94.14143536507291,29.419198551585286,0.9902161258351279,0.9823882139902902,0.992109501214512,0.992109501214512,0.9942572869211971
65.0,3.2,450.0,70.0,208.0,7.142857142857143,102.28373490031089,0.2675221478079449,218.85318408633609,94.14143536507291,29.419198551585286,0.9902778567203387,0.9823864080086884,0.9921138300309683,0.9921138300309683,0.9944973588107298
65.0,3.2,500.0,50.0,208.0,10.0,113.64859433367876,0.3669713961700203,247.29718866735752,104.60159485008103,32.68799839065032,0.9899906690207385,0.9812066841478064,0.992877385878067,0.9928773859281822,0.9930012201288985
65.0,3.2,500.0,60.0,208.0,8.333333333333334,113.64859433367876,0.3669713961700203,243.96385533402417,104.60159485008103,32.68799839065032,0.9901537344753122,0.9812031612484442,0.9928925904376245,0.9928925904430796,0.9936265957721002
65.0,3.2,500.0,70.0,208.0,7.142857142857143,113.64859433367876,0.3669713961700203,241.5829029530718,104.60159485008103,32.68799839065032,0.9902435481891505,0.9811825557572985,0.9928952828296908,0.9928952828296908,0.9940010713399222
65.0,3.2,550.0,50.0,208.0,10.0,125.01345376704664,0.48843892830229735,270.0269075340933,115.06175433508912,35.95679822971535,0.9898256087560378,0.9805857009464497,0.9934624737187214,0.9934624737187214,0.9917917866402587
65.0,3.2,550.0,60.0,208.0,8.333333333333334,125.01345376704664,0.48843892830229735,266.69357420075994,115.06175433508912,35.95679822971535,0.9900676841419477,0.9805834834441696,0.99347289357717,0.99347289357717,0.9927414659692811
65.0,3.2,550.0,70.0,208.0,7.142857142857143,125.01345376704664,0.48843892830229735,264.3126218198076,115.06175433508912,35.95679822971535,0.9902126199144221,0.9805818504166741,0.9934803500904795,0.9934803501165299,0.9933079290340048
65.0,3.2,600.0,50.0,208.0,10.0,136.3783132004145,0.6341265725817954,292.7566264008291,125.52191382009721,39.22559806878038,0.9896271213139642,0.9803021002982066,0.9939009514429022,0.9939009514429022,0.9904044820718456
65.0,3.2,600.0,60.0,208.0,8.333333333333334,136.3783132004145,0.6341265725817954,289.4232930674957,125.52191382009721,39.22559806878038,0.989960154645578,0.9802981638793994,0.9939113098844574,0.9939113098844574,0.9917198349339977
65.0,3.2,600.0,70.0,208.0,7.142857142857143,136.3783132004145,0.6341265725817954,287.04234068654335,125.52191382009721,39.22559806878038,0.9901621208885893,0.9803015812135951,0.9939193666481752,0.9939193666481752,0.992508169044412
70.0,2.8,400.0,50.0,196.0,10.0,78.39433649955801,0.12044646960202095,176.78867299911602,72.15375318230079,25.769197565107426,0.9796060933072177,0.9368294969130451,0.9933904849086532,0.9933904849463902,0.9948139064607822
70.0,2.8,400.0,60.0,196.0,8.333333333333334,78.39433649955801,0.12044646960202095,173.4553396657827,72.15375318230079,25.769197565107426,0.9797019433161585,0.9368202211798988,0.993400949972777,0.993400949972777,0.9951856521391809
70.0,2.8,400.0,70.0,196.0,7.142857142857143,78.39433649955801,0.12044646960202095,171.07438728483032,72.15375318230079,25.769197565107426,0.9797608792600379,0.9368127498289966,0.9934083462088669,0.9934083462329071,0.9954140747693809
70.0,2.8,450.0,50.0,196.0,10.0,88.19362856200276,0.17149507097631495,196.38725712400552,81.17297233008838,28.990347260745853,0.9817002474560345,0.9438568780375712,0.994010784692758,0.9940107847319042,0.9949225423619044
70.0,2.8,450.0,60.0,196.0,8.333333333333334,88.19362856200276,0.17149507097631495,193.05392379067217,81.17297233008838,28.990347260745853,0.9817785629492729,0.9438502653196634,0.9940203559884148,0.9940203559884148,0.9952232745005989
70.0,2.8,450.0,70.0,196.0,7.142857142857143,88.19362856200276,0.17149507097631495,190.67297140971982,81.17297233008838,28.990347260745853,0.9818272753476248,0.9438455378448383,0.9940278629738032,0.9940278630046278,0.99540783756723
70.0,2.8,500.0,50.0,196.0,10.0,97.99292062444749,0.23524701094144707,215.98584124889499,90.19219147787598,32.21149695638428,0.9832710102208568,0.9494489186808708,0.9944891498964599,0.9944891498964599,0.9946568224096368
70.0,2.8,500.0,60.0,196.0,8.333333333333334,97.99292062444749,0.23524701094144707,212.65250791556164,90.19219147787598,32.21149695638428,0.983383937460568,0.9495425211910875,0.9944980632426998,0.9944980632426998,0.9949971021657849
70.0,2.8,500.0,70.0,196.0,7.142857142857143,97.99292062444749,0.23524701094144707,210.27155553460926,90.19219147787598,32.21149695638428,0.9834387847808469,0.9495390147513362,0.9945057612273567,0.9945057612273567,0.9952046019173382
70.0,2.8,550.0,50.0,196.0,10.0,107.79221268689227,0.31311377156306613,235.5844253737845,99.21141062566359,35.432646652022704,0.984425516743137,0.9539745715799215,0.99485254143367,0.99485254143367,0.9940224125252868
70.0,2.8,550.0,60.0,196.0,8.333333333333334,107.79221268689227,0.31311377156306613,232.2510920404512,99.21141062566359,35.432646652022704,0.9845720478975049,0.9540424668333451,0.9948649779347811,0.9948649779410826,0.9945157688808108
70.0,2.8,550.0,70.0,196.0,7.142857142857143,107.79221268689227,0.31311377156306613,229.87013965949882,99.21141062566359,35.432646652022704,0.9846472617561001,0.9540398102553271,0.9948704656797669,0.9948704656797669,0.9948083054095394
70.0,2.8,600.0,50.0,196.0,10.0,117.591504749337,0.4065068349068206,255.183009498674,108.23062977345118,38.653796347661135,0.9852347657366005,0.9575953743691862,0.9951278585345413,0.9951278585345413,0.9930879715081333
70.0,2.8,600.0,60.0,196.0,8.333333333333334,117.591504749337,0.4065068349068206,251.8496761653407,108.23062977345118,38.653796347661135,0.9854070244930165,0.9575330247573244,0.995140433144147,0.9951404331487086,0.9938142069218863
70.0,2.8,600.0,70.0,196.0,7.142857142857143,117.591504749337,0.4065068349068206,249.46872378438832,108.23062977345118,38.653796347661135,0.98551932817989,0.9575369359555274,0.9951466208236401,0.9951466208236401,0.9942471351167519
70.0,3.0,400.0,50.0,210.0,10.0,78.39433649955801,0.12044646960202095,176.78867299911602,72.15375318230079,24.05125106076693,0.993347700198931,0.9960022373019491,0.9914637182175643,0.9914637182175643,0.9944611270586461
70.0,3.0,400.0,60.0,210.0,8.333333333333334,78.39433649955801,0.12044646960202095,173.4553396657827,72.15375318230079,24.05125106076693,0.9934481649451306,0.9960012757845891,0.9914741967794534,0.9914741967858711,0.9948429904306086
70.0,3.0,400.0,70.0,210.0,7.142857142857143,78.39433649955801,0.12044646960202095,171.07438728483032,72.15375318230079,24.05125106076693,0.9935115038592781,0.9960012739053328,0.9914836803684794,0.9914836803684794,0.9950773807948208
70.0,3.0,450.0,50.0,210.0,10.0,88.19362856200276,0.17149507097631495,196.38725712400552,81.17297233008838,27.057657443362796,0.9943030976320131,0.9977206662551455,0.9924382857316885,0.9924382857629752,0.994615152778243
70.0,3.0,450.0,60.0,210.0,8.333333333333334,88.19362856200276,0.17149507097631495,193.05392379067217,81.17297233008838,27.057657443362796,0.9943852057371658,0.9977203529671177,0.9924477495026397,0.9924477495026397,0.9949249709762664
70.0,3.0,450.0,70.0,210.0,7.142857142857143,88.19362856200276,0.17149507097631495,190.67297140971982,81.17297233008838,27.057657443362796,0.9944368222677713,0.9977203310388219,0.992456187328449,0.992456187328449,0.9951145833753654
70.0,3.0,500.0,50.0,210.0,10.0,97.99292062444749,0.23524701094144707,215.98584124889499,90.19219147787598,30.064063825958662,0.9946878653669645,0.9979911892051228,0.9931860280468425,0.9931860280468425,0.9943882161690503
70.0,3.0,500.0,60.0,210.0,8.333333333333334,97.99292062444749,0.23524701094144707,212.65250791556164,90.19219147787598,30.064063825958662,0.9947821107032089,0.9979933102813311,0.993198951253131,0.993198951253131,0.9947372300252426
70.0,3.0,500.0,70.0,210.0,7.142857142857143,97.99292062444749,0.23524701094144707,210.27155553460926,90.19219147787598,30.064063825958662,0.9948369721638965,0.9979935322335898,0.9932023895316833,0.9932023895316833,0.9949495773586302
70.0,3.0,550.0,50.0,210.0,10.0,107.79221268689227,0.31311377156306613,235.5844253737845,99.21141062566359,33.070470208554525,0.9947364664853895,0.9976433736192886,0.9937570981237085,0.9937570981237085,0.9937882960748523
70.0,3.0,550.0,60.0,210.0,8.333333333333334,107.79221268689227,0.31311377156306613,232.2510920404512,99.21141062566359,33.070470208554525,0.9948654484987907,0.9976429305978943,0.9937663353370001,0.9937663353370001,0.9942861927232681
70.0,3.0,550.0,70.0,210.0,7.142857142857143,107.79221268689227,0.31311377156306613,229.87013965949882,99.21141062566359,33.070470208554525,0.9949444057937507,0.9976421675539683,0.9937750890939359,0.9937750890939359,0.9945852774331628
70.0,3.0,600.0,50.0,210.0,10.0,117.591504749337,0.4065068349068206,255.183009498674,108.23062977345118,36.076876591150395,0.9945813391237784,0.997055861676847,0.99419406769586,0.99419406769586,0.9928813594265468
70.0,3.0,600.0,60.0,210.0,8.333333333333334,117.591504749337,0.4065068349068206,251.8496761653407,108.23062977345118,36.076876591150395,0.9947749930701582,0.9970693861475985,0.994207727620327,0.9942077276254138,0.9936151308872934
70.0,3.0,600.0,70.0,210.0,7.142857142857143,117.591504749337,0.4065068349068206,249.46872378438832,108.23062977345118,36.076876591150395,0.9948857708454427,0.9970677204256946,0.9942122737883216,0.9942122737883216,0.9940508153794334
70.0,3.2,400.0,50.0,224.0,10.0,78.39433649955801,0.12044646960202095,176.78867299911602,72.15375318230079,22.548047869468995,0.9896384184667736,0.9865947521390315,0.9889672541267795,0.9889672541267795,0.9940244134745037
70.0,3.2,400.0,60.0,224.0,8.333333333333334,78.39433649955801,0.12044646960202095,173.4553396657827,72.15375318230079,22.548047869468995,0.9897386754786028,0.9865922566481301,0.9889780867444513,0.9889780867485105,0.9944062717733193
70.0,3.2,400.0,70.0,224.0,7.142857142857143,78.39433649955801,0.12044646960202095,171.07438728483032,72.15375318230079,22.548047869468995,0.9898007686440681,0.9865907426618818,0.9889854922087045,0.9889854922426831,0.9946413474630029
70.0,3.2,450.0,50.0,224.0,10.0,88.19362856200276,0.17149507097631495,196.38725712400552,81.17297233008838,25.36655385315262,0.9896865674324017,0.9836638187132403,0.9904177776838131,0.9904177777238525,0.9942468956087006
70.0,3.2,450.0,60.0,224.0,8.333333333333334,88.19362856200276,0.17149507097631495,193.05392379067217,81.17297233008838,25.36655385315262,0.9897687316533275,0.9836607884779638,0.9904292710982268,0.99042927109976,0.9945555959373592
70.0,3.2,450.0,70.0,224.0,7.142857142857143,88.19362856200276,0.17149507097631495,190.67297140971982,81.17297233008838,25.36655385315262,0.9898186612691464,0.9836591377965107,0.9904351082356331,0.9904351082356331,0.9947452908088088
70.0,3.2,500.0,50.0,224.0,10.0,97.99292062444749,0.23524701094144707,215.98584124889499,90.19219147787598,28.185059836836245,0.9897665567703757,0.9819531771166665,0.9915181007648721,0.9915181007648721,0.9940768484350921
70.0,3.2,500.0,60.0,224.0,8.333333333333334,97.99292062444749,0.23524701094144707,212.65250791556164,90.19219147787598,28.185059836836245,0.9898588772433172,0.9819507301908514,0.9915304296860334,0.9915304296860334,0.9944239194103508
70.0,3.2,500.0,70.0,224.0,7.142857142857143,97.99292062444749,0.23524701094144707,210.27155553460926,90.19219147787598,28.185059836836245,0.9899132249147742,0.9819468540931285,0.991535959473298,0.991535959473298,0.9946341266193722
70.0,3.2,550.0,50.0,224.0,10.0,107.79221268689227,0.31311377156306613,235.5844253737845,99.21141062566359,31.00356582051987,0.9898116030512591,0.9810055709450087,0.9923602290699431,0.9923602290699431,0.9935203831201413
70.0,3.2,550.0,60.0,224.0,8.333333333333334,107.79221268689227,0.31311377156306613,232.2510920404512,99.21141062566359,31.00356582051987,0.9899407246072612,0.9810035096724332,0.9923707042549528,0.9923707042582097,0.9940179802434492
70.0,3.2,550.0,70.0,224.0,7.142857142857143,107.79221268689227,0.31311377156306613,229.87013965949882,99.21141062566359,31.00356582051987,0.9900182132791139,0.9810014084556247,0.9923781719864182,0.9923781719864182,0.9943151006879943
70.0,3.2,600.0,50.0,224.0,10.0,117.591504749337,0.4065068349068206,255.183009498674,108.23062977345118,33.822071804203496,0.9897965803591842,0.9805172433318965,0.9930084750369715,0.9930084750369715,0.9926521280308972
70.0,3.2,600.0,60.0,224.0,8.333333333333334,117.591504749337,0.4065068349068206,251.8496761653407,108.23062977345118,33.822071804203496,0.9899855594929335,0.9805172795618373,0.99302091150195,0.9930209115055708,0.9933831354023759
70.0,3.2,600.0,70.0,224.0,7.142857142857143,117.591504749337,0.4065068349068206,249.46872378438832,108.23062977345118,33.822071804203496,0.990096705526832,0.980514768722109,0.9930275984899013,0.9930275984899013,0.9938168564054166
