omega_p_MHz,ratio,delta_MHz,omega_c_MHz,omega_R_MHz,T_c_ns,T_f_ns,sigma_ns,t_total_ns,M1,M2,F_bar,F_00,F_01,F_10,F_11,n_neighbors_total,n_neighbors_pass,robust_score,pass
60.0,3.2,400.0,70.0,192.0,7.142857142857143,106.70340245773176,0.3037209941316909,227.69251920117782,98.20927516479829,30.690398488999463,0.9906322724909544,0.9830021192492441,0.9926204623066099,0.9926204623066099,0.9942860461013537,5,5,1.0,1
60.0,3.2,400.0,60.0,192.0,8.333333333333334,106.70340245773176,0.3037209941316909,230.07347158213017,98.20927516479829,30.690398488999463,0.9905606993565725,0.9830146071888022,0.9926129547965896,0.9926129547965896,0.9940022806443085,6,6,1.0,1
55.0,3.2,400.0,70.0,176.0,7.142857142857143,126.98586738771378,0.5119248103459729,268.25744906114187,116.87715391513184,36.52411059847871,0.9905511809868296,0.9817709297394566,0.9937045495041101,0.9937045495355985,0.9930246951681532,5,5,1.0,1
60.0,3.2,400.0,50.0,192.0,10.0,106.70340245773176,0.3037209941316909,233.4068049154635,98.20927516479829,30.690398488999463,0.9904342601504029,0.9830060862491917,0.992602528858265,0.992602528894708,0.9935258965994469,5,5,1.0,1
60.0,3.2,450.0,70.0,192.0,7.142857142857143,120.04132776494822,0.43244649359766146,254.36836981561072,110.48543456039808,34.526698300124394,0.9904250520676365,0.9814506468265216,0.9933401042924992,0.9933401042928973,0.993569352858628,6,6,1.0,1
60.0,3.2,450.0,60.0,192.0,8.333333333333334,120.04132776494822,0.43244649359766146,256.7493221965631,110.48543456039808,34.526698300124394,0.9902973925169469,0.9814288653503505,0.9933329958195913,0.9933329958195913,0.9930947130782546,7,7,1.0,1
60.0,3.2,500.0,70.0,192.0,7.142857142857143,133.3792530721647,0.5932050666634587,281.04422043004365,122.76159395599785,38.36299811124933,0.9902609210998549,0.9806681772026067,0.993858740211193,0.9938587402391952,0.9926580267464247,6,6,1.0,1
65.0,3.2,550.0,70.0,208.0,7.142857142857143,125.01345376704664,0.48843892830229735,264.3126218198076,115.06175433508912,35.95679822971535,0.9902126199144221,0.9805818504166741,0.9934803500904795,0.9934803501165299,0.9933079290340048,6,6,1.0,1
60.0,3.0,450.0,60.0,180.0,8.333333333333334,120.04132776494822,0.43244649359766146,256.7493221965631,110.48543456039808,36.82847818679936,0.9949827286047274,0.9978379191077718,0.9943997342321045,0.9943997342321045,0.9932935268469288,8,7,0.875,1
65.0,3.0,500.0,60.0,195.0,8.333333333333334,113.64859433367876,0.3669713961700203,243.96385533402417,104.60159485008103,34.86719828336034,0.9949584228174643,0.9977423211097229,0.9941169684745494,0.9941169684798625,0.9938574332057221,8,7,0.875,1
65.0,3.0,450.0,60.0,195.0,8.333333333333334,102.28373490031089,0.2675221478079449,221.23413646728847,94.14143536507291,31.380478455024303,0.9949246043870581,0.9979888940540851,0.9935904305137171,0.9935904305159196,0.9945286624645104,8,7,0.875,1
65.0,3.0,550.0,60.0,195.0,8.333333333333334,125.01345376704664,0.48843892830229735,266.69357420075994,115.06175433508912,38.35391811169637,0.9947734036058844,0.9971540212155836,0.9944998962963197,0.9944998962963197,0.9929398006153147,8,7,0.875,1
60.0,3.0,500.0,60.0,180.0,8.333333333333334,133.3792530721647,0.5932050666634587,283.42517281099606,122.76159395599785,40.92053131866595,0.9947033698958037,0.9972536191846131,0.9947331782945068,0.9947331782945068,0.9920935038095877,8,7,0.875,1
55.0,3.0,450.0,60.0,165.0,8.333333333333334,142.859100811178,0.7288929428558871,302.3848682890227,131.48679815452334,43.82893271817444,0.9945649252788515,0.9973633816437139,0.9948962764878837,0.9948962764889251,0.9911037664948839,8,7,0.875,1
60.0,3.0,450.0,70.0,180.0,7.142857142857143,120.04132776494822,0.43244649359766146,254.36836981561072,110.48543456039808,36.82847818679936,0.9951078078341917,0.9978453060998211,0.994408494186847,0.9944084941877198,0.9937689368623792,7,6,0.8571428571428571,1
65.0,3.0,500.0,70.0,195.0,7.142857142857143,113.64859433367876,0.3669713961700203,241.5829029530718,104.60159485008103,34.86719828336034,0.9950527744904493,0.9977355296056555,0.9941210034067505,0.9941210034067505,0.9942335615426405,7,6,0.8571428571428571,1
60.0,3.0,400.0,60.0,180.0,8.333333333333334,106.70340245773176,0.3037209941316909,230.07347158213017,98.20927516479829,32.736425054932766,0.9949964847587314,0.9978883790361863,0.9939313203585122,0.9939313203585122,0.9942349192817146,7,6,0.8571428571428571,1
65.0,3.0,450.0,70.0,195.0,7.142857142857143,102.28373490031089,0.2675221478079449,218.85318408633609,94.14143536507291,31.380478455024303,0.9949891405882141,0.9979885649532412,0.9935998498343892,0.9935998498343892,0.9947682977308369,7,6,0.8571428571428571,1
55.0,3.0,400.0,60.0,165.0,8.333333333333334,126.98586738771378,0.5119248103459729,270.6384014420942,116.87715391513184,38.95905130504395,0.9949352285250699,0.9979142704206537,0.994621363358717,0.994621363358717,0.992583916962192,7,6,0.8571428571428571,1
65.0,3.0,550.0,70.0,195.0,7.142857142857143,125.01345376704664,0.48843892830229735,264.3126218198076,115.06175433508912,38.35391811169637,0.99491625695121,0.9971419040691202,0.9945073657942378,0.994507365825976,0.9935083921155061,7,6,0.8571428571428571,1
60.0,3.0,500.0,70.0,180.0,7.142857142857143,133.3792530721647,0.5932050666634587,281.04422043004365,122.76159395599785,40.92053131866595,0.99488981499096,0.9972510843845019,0.9947399813370564,0.9947399813707059,0.9928282128715756,7,6,0.8571428571428571,1
65.0,3.0,450.0,50.0,195.0,10.0,102.28373490031089,0.2675221478079449,224.56746980062178,94.14143536507291,31.380478455024303,0.9948206424106607,0.997986972696846,0.9935834639554764,0.9935834639566624,0.9941286690336583,7,6,0.8571428571428571,1
55.0,3.0,450.0,70.0,165.0,7.142857142857143,142.859100811178,0.7288929428558871,300.00391590807027,131.48679815452334,43.82893271817444,0.9947961154139788,0.9973622945670167,0.9949028095542056,0.9949028095941748,0.9920165479405181,7,6,0.8571428571428571,1
60.0,3.0,450.0,50.0,180.0,10.0,120.04132776494822,0.43244649359766146,260.08265552989644,110.48543456039808,36.82847818679936,0.9947758613635225,0.9978359723656453,0.9943892911516099,0.9943892911925595,0.9924888907442755,7,6,0.8571428571428571,1
60.0,3.0,550.0,70.0,180.0,7.142857142857143,146.71717837938118,0.7895559437290638,307.72007104447664,135.03775335159764,45.01258445053255,0.9945727568300778,0.9965064876702705,0.9949701119516816,0.9949701119516816,0.9918443157466776,7,6,0.8571428571428571,1
65.0,3.0,400.0,60.0,195.0,8.333333333333334,90.91887546694302,0.1878893548390505,198.5044176005527,83.68127588006482,27.89375862668827,0.9944864247019904,0.9972838419466381,0.9928945654307082,0.9928945654307082,0.9948727259999073,7,6,0.8571428571428571,1
55.0,3.0,500.0,70.0,165.0,7.142857142857143,158.7323342346422,0.999853145206978,331.75038275499867,146.09644239391483,48.69881413130494,0.9944163740154837,0.9965595749597513,0.9950741645712535,0.9950741645712535,0.9909575919596763,7,6,0.8571428571428571,1
65.0,3.2,450.0,60.0,208.0,8.333333333333334,102.28373490031089,0.2675221478079449,221.23413646728847,94.14143536507291,29.419198551585286,0.9902161258351279,0.9823882139902902,0.992109501214512,0.992109501214512,0.9942572869211971,7,6,0.8571428571428571,1
55.0,3.0,400.0,70.0,165.0,7.142857142857143,126.98586738771378,0.5119248103459729,268.25744906114187,116.87715391513184,38.95905130504395,0.9950901811603666,0.9979158409438744,0.9946284692803277,0.9946284693123275,0.993187945104937,6,5,0.8333333333333334,1
60.0,3.0,400.0,70.0,180.0,7.142857142857143,106.70340245773176,0.3037209941316909,227.69251920117782,98.20927516479829,32.736425054932766,0.9950715768007026,0.9978884571057345,0.9939387333407266,0.9939387333407266,0.9945203834156229,6,5,0.8333333333333334,1
70.0,3.0,550.0,70.0,210.0,7.142857142857143,107.79221268689227,0.31311377156306613,229.87013965949882,99.21141062566359,33.070470208554525,0.9949444057937507,0.9976421675539683,0.9937750890939359,0.9937750890939359,0.9945852774331628,6,5,0.8333333333333334,1
60.0,3.0,400.0,50.0,180.0,10.0,106.70340245773176,0.3037209941316909,233.4068049154635,98.20927516479829,32.736425054932766,0.9948729620069099,0.9978884967411329,0.9939208637009528,0.9939208637009528,0.9937616238846011,6,5,0.8333333333333334,1
65.0,3.0,600.0,70.0,195.0,7.142857142857143,136.3783132004145,0.6341265725817954,287.04234068654335,125.52191382009721,41.84063794003241,0.994680275197055,0.9964571165756051,0.9947906339847634,0.9947906339847634,0.9926827162430882,6,5,0.8333333333333334,1
55.0,3.0,400.0,50.0,165.0,10.0,126.98586738771378,0.5119248103459729,273.9717347754276,116.87715391513184,38.95905130504395,0.9946746497723282,0.9979100868366069,0.9946091127482348,0.9946091127520649,0.9915702867524063,6,5,0.8333333333333334,1
65.0,3.0,400.0,70.0,195.0,7.142857142857143,90.91887546694302,0.1878893548390505,196.12346521960035,83.68127588006482,27.89375862668827,0.9945365646065571,0.9972834549797814,0.9929019859729001,0.9929019859729001,0.9950588315006466,6,5,0.8333333333333334,1
65.0,3.0,400.0,50.0,195.0,10.0,90.91887546694302,0.1878893548390505,201.83775093388604,83.68127588006482,27.89375862668827,0.9944036726010752,0.9972832728284199,0.9928840782506834,0.99288407827918,0.9945632610460174,6,5,0.8333333333333334,1
60.0,3.0,600.0,70.0,180.0,7.142857142857143,160.05510368659765,1.025058355194457,334.3959216589096,147.31391274719743,49.10463758239914,0.9942471406948673,0.9957652467123167,0.9951200037355565,0.9951200037355565,0.9909833085960396,6,5,0.8333333333333334,1
55.0,3.2,400.0,60.0,176.0,8.333333333333334,126.98586738771378,0.5119248103459729,270.6384014420942,116.87715391513184,36.52411059847871,0.9903967318745236,0.9817724611586627,0.9936970748997044,0.9936970748997044,0.9924203165400232,6,5,0.8333333333333334,1
65.0,3.2,400.0,60.0,208.0,8.333333333333334,90.91887546694302,0.1878893548390505,198.5044176005527,83.68127588006482,26.150398712520257,0.9903238179738015,0.9846250333622333,0.9910597713478189,0.9910597713478189,0.9945506958373351,6,5,0.8333333333333334,1
65.0,3.2,450.0,70.0,208.0,7.142857142857143,102.28373490031089,0.2675221478079449,218.85318408633609,94.14143536507291,29.419198551585286,0.9902778567203387,0.9823864080086884,0.9921138300309683,0.9921138300309683,0.9944973588107298,6,5,0.8333333333333334,1
65.0,3.2,500.0,70.0,208.0,7.142857142857143,113.64859433367876,0.3669713961700203,241.5829029530718,104.60159485008103,32.68799839065032,0.9902435481891505,0.9811825557572985,0.9928952828296908,0.9928952828296908,0.9940010713399222,6,5,0.8333333333333334,1
55.0,3.2,450.0,70.0,176.0,7.142857142857143,142.859100811178,0.7288929428558871,300.00391590807027,131.48679815452334,41.08962442328854,0.990242823840942,0.9807847993724033,0.9941557079256298,0.9941557079262344,0.9918750801395007,6,5,0.8333333333333334,1
70.0,3.0,600.0,70.0,210.0,7.142857142857143,117.591504749337,0.4065068349068206,249.46872378438832,108.23062977345118,36.076876591150395,0.9948857708454427,0.9970677204256946,0.9942122737883216,0.9942122737883216,0.9940508153794334,5,4,0.8,1
50.0,3.0,400.0,70.0,150.0,7.142857142857143,153.65289953913367,0.9069060289413221,321.5915133639816,141.42135623730954,47.14045207910318,0.9946436844308905,0.9974700275466489,0.9949878740530995,0.9949878740539011,0.9911289620699122,5,4,0.8,1
50.0,3.0,600.0,70.0,150.0,7.142857142857143,230.47934930870048,3.0608078476769607,475.24441290311523,212.1320343559643,70.71067811865477,0.9937323128538715,0.9942472267252978,0.995022834554059,0.995022834554059,0.9906363555820701,5,4,0.8,1
65.0,3.2,400.0,70.0,208.0,7.142857142857143,90.91887546694302,0.1878893548390505,196.12346521960035,83.68127588006482,26.150398712520257,0.9903740032634061,0.9846228161654003,0.9910671530989135,0.9910671530989135,0.9947388906903969,5,4,0.8,1
65.0,3.2,400.0,50.0,208.0,10.0,90.91887546694302,0.1878893548390505,201.83775093388604,83.68127588006482,26.150398712520257,0.9902418539955589,0.984626935851829,0.9910493234507471,0.9910493234894562,0.9942418331902032,5,4,0.8,1
65.0,3.2,600.0,70.0,208.0,7.142857142857143,136.3783132004145,0.6341265725817954,287.04234068654335,125.52191382009721,39.22559806878038,0.9901621208885893,0.9803015812135951,0.9939193666481752,0.9939193666481752,0.992508169044412,5,4,0.8,1
60.0,3.0,550.0,60.0,180.0,8.333333333333334,146.71717837938118,0.7895559437290638,310.101023425429,135.03775335159764,45.01258445053255,0.9943200897011285,0.996493074795012,0.9949643453771999,0.9949643453771999,0.9908585932551022,8,6,0.75,1
55.0,3.0,500.0,60.0,165.0,8.333333333333334,158.7323342346422,0.999853145206978,334.1313351359511,146.09644239391483,48.69881413130494,0.9941188319567807,0.9965565685480415,0.9950677272390274,0.9950677272961057,0.9897833047439484,8,6,0.75,1
55.0,3.0,550.0,60.0,165.0,8.333333333333334,174.60556765810645,1.330804536270488,365.87780198287953,160.70608663330628,53.56869554443543,0.9937468721390224,0.9957436384626309,0.9951618443849433,0.9951618443849433,0.9889201613235723,8,6,0.75,1
70.0,3.2,600.0,70.0,224.0,7.142857142857143,117.591504749337,0.4065068349068206,249.46872378438832,108.23062977345118,33.822071804203496,0.990096705526832,0.980514768722109,0.9930275984899013,0.9930275984899013,0.9938168564054166,4,3,0.75,1
70.0,3.0,550.0,60.0,210.0,8.333333333333334,107.79221268689227,0.31311377156306613,232.2510920404512,99.21141062566359,33.070470208554525,0.9948654484987907,0.9976429305978943,0.9937663353370001,0.9937663353370001,0.9942861927232681,7,5,0.7142857142857143,1
65.0,3.0,500.0,50.0,195.0,10.0,113.64859433367876,0.3669713961700203,247.29718866735752,104.60159485008103,34.86719828336034,0.9947940188854154,0.9977425051977415,0.9941041730446166,0.9941041730455495,0.9932252242537543,7,5,0.7142857142857143,1
70.0,3.0,500.0,60.0,210.0,8.333333333333334,97.99292062444749,0.23524701094144707,212.65250791556164,90.19219147787598,30.064063825958662,0.9947821107032089,0.9979933102813311,0.993198951253131,0.993198951253131,0.9947372300252426,7,5,0.7142857142857143,1
65.0,3.0,550.0,50.0,195.0,10.0,125.01345376704664,0.48843892830229735,270.0269075340933,115.06175433508912,38.35391811169637,0.9945275940225442,0.9971431760665801,0.9944895973960547,0.9944895974005761,0.9919880052269658,7,5,0.7142857142857143,1
65.0,3.0,600.0,60.0,195.0,8.333333333333334,136.3783132004145,0.6341265725817954,289.4232930674957,125.52191382009721,41.84063794003241,0.994478786989571,0.9964585412892424,0.9947832151662859,0.9947832151662859,0.99189017633647,7,5,0.7142857142857143,1
60.0,3.0,500.0,50.0,180.0,10.0,133.3792530721647,0.5932050666634587,286.75850614432943,122.76159395599785,40.92053131866595,0.9943906760070604,0.9972400841723128,0.994722163820936,0.994722163820936,0.9908782922140569,7,5,0.7142857142857143,1
70.0,3.0,450.0,60.0,210.0,8.333333333333334,88.19362856200276,0.17149507097631495,193.05392379067217,81.17297233008838,27.057657443362796,0.9943852057371658,0.9977203529671177,0.9924477495026397,0.9924477495026397,0.9949249709762664,7,5,0.7142857142857143,1
55.0,3.0,450.0,50.0,165.0,10.0,142.859100811178,0.7288929428558871,305.71820162235605,131.48679815452334,43.82893271817444,0.9941790084873527,0.9973638727802736,0.9948849497602764,0.994884949765517,0.9895822616433442,7,5,0.7142857142857143,1
55.0,3.0,550.0,70.0,165.0,7.142857142857143,174.60556765810645,1.330804536270488,363.4968496019272,160.70608663330628,53.56869554443543,0.9940764350012787,0.9957410729171193,0.9951682842695317,0.9951682842695317,0.990228098548932,7,5,0.7142857142857143,1
60.0,3.0,600.0,60.0,180.0,8.333333333333334,160.05510368659765,1.025058355194457,336.7768740398619,147.31391274719743,49.10463758239914,0.9939454899527362,0.9957618421738109,0.9951135751462452,0.9951135751462452,0.9897929673446436,7,5,0.7142857142857143,1
50.0,3.0,450.0,60.0,150.0,8.333333333333334,172.85951198152537,1.291278310738718,362.38569062971743,159.09902576697323,53.03300858899107,0.9939141320969733,0.9966258385386226,0.9950889262014899,0.995088926249568,0.9888528373982128,7,5,0.7142857142857143,1
60.0,3.0,550.0,50.0,180.0,10.0,146.71717837938118,0.7895559437290638,313.43435675876236,135.03775335159764,45.01258445053255,0.993908816177083,0.9965056660990366,0.9949518874463141,0.9949518874463141,0.9892258237166673,7,5,0.7142857142857143,1
50.0,3.0,500.0,60.0,150.0,8.333333333333334,192.06612442391705,1.7713008377760187,400.7989155145008,176.77669529663692,58.92556509887898,0.9936328292152183,0.9957361447799631,0.9951189104809411,0.9951189104815124,0.9885573511184569,7,5,0.7142857142857143,1
55.0,3.0,500.0,50.0,165.0,10.0,158.7323342346422,0.999853145206978,337.4646684692844,146.09644239391483,48.69881413130494,0.9936264559624122,0.9965593019129362,0.9950573570514165,0.9950573570536806,0.9878318078316157,7,5,0.7142857142857143,1
50.0,3.0,550.0,60.0,150.0,8.333333333333334,211.2727368663088,2.3576014150798823,439.21214039928424,194.4543648263006,64.81812160876687,0.9935483204459963,0.9949272016133686,0.9950895029593356,0.9950895029593356,0.9890870742519456,7,5,0.7142857142857143,1
55.0,3.0,600.0,60.0,165.0,8.333333333333334,190.47880108157065,1.7277462349176578,397.62426882980793,175.31573087269777,58.43857695756592,0.993520578133382,0.995017329014386,0.9951953185220922,0.9951953185220922,0.9886743464749578,7,5,0.7142857142857143,1
55.0,3.0,550.0,50.0,165.0,10.0,174.60556765810645,1.330804536270488,369.2111353162129,160.70608663330628,53.56869554443543,0.9932021172654355,0.9957533075584334,0.9951499378892521,0.9951499378892521,0.9867552857248043,7,5,0.7142857142857143,1
65.0,3.2,500.0,60.0,208.0,8.333333333333334,113.64859433367876,0.3669713961700203,243.96385533402417,104.60159485008103,32.68799839065032,0.9901537344753122,0.9812031612484442,0.9928925904376245,0.9928925904430796,0.9936265957721002,7,5,0.7142857142857143,1
70.0,3.0,500.0,70.0,210.0,7.142857142857143,97.99292062444749,0.23524701094144707,210.27155553460926,90.19219147787598,30.064063825958662,0.9948369721638965,0.9979935322335898,0.9932023895316833,0.9932023895316833,0.9949495773586302,6,4,0.6666666666666666,1
70.0,3.0,600.0,60.0,210.0,8.333333333333334,117.591504749337,0.4065068349068206,251.8496761653407,108.23062977345118,36.076876591150395,0.9947749930701582,0.9970693861475985,0.994207727620327,0.9942077276254138,0.9936151308872934,6,4,0.6666666666666666,1
70.0,3.0,550.0,50.0,210.0,10.0,107.79221268689227,0.31311377156306613,235.5844253737845,99.21141062566359,33.070470208554525,0.9947364664853895,0.9976433736192886,0.9937570981237085,0.9937570981237085,0.9937882960748523,6,4,0.6666666666666666,1
70.0,3.0,500.0,50.0,210.0,10.0,97.99292062444749,0.23524701094144707,215.98584124889499,90.19219147787598,30.064063825958662,0.9946878653669645,0.9979911892051228,0.9931860280468425,0.9931860280468425,0.9943882161690503,6,4,0.6666666666666666,1
70.0,3.0,450.0,70.0,210.0,7.142857142857143,88.19362856200276,0.17149507097631495,190.67297140971982,81.17297233008838,27.057657443362796,0.9944368222677713,0.9977203310388219,0.992456187328449,0.992456187328449,0.9951145833753654,6,4,0.6666666666666666,1
50.0,3.0,400.0,60.0,150.0,8.333333333333334,153.65289953913367,0.9069060289413221,323.97246574493397,141.42135623730954,47.14045207910318,0.9943674809540723,0.9974757446997125,0.9949793689850521,0.9949793690307485,0.9900354411007767,6,4,0.6666666666666666,1
70.0,3.0,450.0,50.0,210.0,10.0,88.19362856200276,0.17149507097631495,196.38725712400552,81.17297233008838,27.057657443362796,0.9943030976320131,0.9977206662551455,0.9924382857316885,0.9924382857629752,0.994615152778243,6,4,0.6666666666666666,1
50.0,3.0,450.0,70.0,150.0,7.142857142857143,172.85951198152537,1.291278310738718,360.0047382487651,159.09902576697323,53.03300858899107,0.9942429371461478,0.996626639682491,0.9950954386274488,0.9950954386274488,0.9901542316472025,6,4,0.6666666666666666,1
65.0,3.0,600.0,50.0,195.0,10.0,136.3783132004145,0.6341265725817954,292.7566264008291,125.52191382009721,41.84063794003241,0.9941435940069128,0.9964549099705298,0.9947727740690759,0.9947727740690759,0.9905739179189694,6,4,0.6666666666666666,1
50.0,3.0,500.0,70.0,150.0,7.142857142857143,192.06612442391705,1.7713008377760187,398.41796313354837,176.77669529663692,58.92556509887898,0.993951535576275,0.9957374200394026,0.9951258517198788,0.9951258517549249,0.9898170187908939,6,4,0.6666666666666666,1
55.0,3.0,600.0,70.0,165.0,7.142857142857143,190.47880108157065,1.7277462349176578,395.2433164488556,175.31573087269777,58.43857695756592,0.9938421221202349,0.9950173302406908,0.9952027836267663,0.9952027836267663,0.9899455909867165,6,4,0.6666666666666666,1
50.0,3.0,550.0,70.0,150.0,7.142857142857143,211.2727368663088,2.3576014150798823,436.8311880183319,194.4543648263006,64.81812160876687,0.9938022556900028,0.9949331579874962,0.9950984515017467,0.9950984515017467,0.9900789617690215,6,4,0.6666666666666666,1
50.0,3.0,600.0,60.0,150.0,8.333333333333334,230.47934930870048,3.0608078476769607,477.62536528406764,212.1320343559643,70.71067811865477,0.9935732884986164,0.9942457068094162,0.9950156057677046,0.9950156057688315,0.9900162356485129,6,4,0.6666666666666666,1
70.0,3.0,400.0,60.0,210.0,8.333333333333334,78.39433649955801,0.12044646960202095,173.4553396657827,72.15375318230079,24.05125106076693,0.9934481649451306,0.9960012757845891,0.9914741967794534,0.9914741967858711,0.9948429904306086,6,4,0.6666666666666666,1
60.0,3.0,600.0,50.0,180.0,10.0,160.05510368659765,1.025058355194457,340.1102073731953,147.31391274719743,49.10463758239914,0.9934462499190538,0.9957659994728527,0.9951031311219676,0.9951031311219676,0.9878127379594275,6,4,0.6666666666666666,1
50.0,3.0,450.0,50.0,150.0,10.0,172.85951198152537,1.291278310738718,365.7190239630508,159.09902576697323,53.03300858899107,0.9933706883038579,0.9966256285760826,0.9950789193081473,0.9950789193093914,0.9866992860218102,6,4,0.6666666666666666,1
50.0,3.0,550.0,50.0,150.0,10.0,211.2727368663088,2.3576014150798823,442.5454737326176,194.4543648263006,64.81812160876687,0.993136801740939,0.9949341202643778,0.9950803247593044,0.9950803247609709,0.9874524371791026,6,4,0.6666666666666666,1
50.0,3.0,500.0,50.0,150.0,10.0,192.06612442391705,1.7713008377760187,404.1322488478341,176.77669529663692,58.92556509887898,0.9931096791498522,0.9957380483660525,0.9951092351359916,0.9951092351371246,0.9864821979602398,6,4,0.6666666666666666,1
55.0,3.0,600.0,50.0,165.0,10.0,190.47880108157065,1.7277462349176578,400.9576021631413,175.31573087269777,58.43857695756592,0.992991590546658,0.9950186061254234,0.9951858977430925,0.9951858977430925,0.9865759605750235,6,4,0.6666666666666666,1
60.0,3.2,550.0,70.0,192.0,7.142857142857143,146.71717837938118,0.7895559437290638,307.72007104447664,135.03775335159764,42.199297922374264,0.990121521067293,0.9803264593912955,0.9942312064852398,0.9942312064892285,0.9916972119034083,6,4,0.6666666666666666,1
65.0,3.2,450.0,50.0,208.0,10.0,102.28373490031089,0.2675221478079449,224.56746980062178,94.14143536507291,29.419198551585286,0.9901105268466424,0.9823856507665639,0.9920986950842162,0.9920986950852972,0.993859066450492,6,4,0.6666666666666666,1
60.0,3.2,450.0,50.0,192.0,10.0,120.04132776494822,0.43244649359766146,260.08265552989644,110.48543456039808,34.526698300124394,0.9900925145227537,0.9814312188827267,0.9933223018876467,0.9933223018907205,0.9922942354299211,6,4,0.6666666666666666,1
70.0,3.0,600.0,50.0,210.0,10.0,117.591504749337,0.4065068349068206,255.183009498674,108.23062977345118,36.076876591150395,0.9945813391237784,0.997055861676847,0.99419406769586,0.99419406769586,0.9928813594265468,5,3,0.6,1
50.0,3.0,400.0,50.0,150.0,10.0,153.65289953913367,0.9069060289413221,327.30579907826734,141.42135623730954,47.14045207910318,0.9939026733865135,0.9974758366213992,0.9949692583898819,0.994969258395162,0.9881963401396109,5,3,0.6,1
70.0,3.0,400.0,70.0,210.0,7.142857142857143,78.39433649955801,0.12044646960202095,171.07438728483032,72.15375318230079,24.05125106076693,0.9935115038592781,0.9960012739053328,0.9914836803684794,0.9914836803684794,0.9950773807948208,5,3,0.6,1
70.0,3.0,400.0,50.0,210.0,10.0,78.39433649955801,0.12044646960202095,176.78867299911602,72.15375318230079,24.05125106076693,0.993347700198931,0.9960022373019491,0.9914637182175643,0.9914637182175643,0.9944611270586461,5,3,0.6,1
50.0,3.0,600.0,50.0,150.0,10.0,230.47934930870048,3.0608078476769607,480.95869861740096,212.1320343559643,70.71067811865477,0.9933134099067764,0.9942474587749311,0.9950049199677746,0.9950049199677746,0.9889963409166255,5,3,0.6,1
55.0,3.2,400.0,50.0,176.0,10.0,126.98586738771378,0.5119248103459729,273.9717347754276,116.87715391513184,36.52411059847871,0.990138610008615,0.9817748539365455,0.9936866454734945,0.9936866454734945,0.9914062951509255,5,3,0.6,1
70.0,3.2,550.0,70.0,224.0,7.142857142857143,107.79221268689227,0.31311377156306613,229.87013965949882,99.21141062566359,31.00356582051987,0.9900182132791139,0.9810014084556247,0.9923781719864182,0.9923781719864182,0.9943151006879943,5,3,0.6,1
60.0,3.2,600.0,70.0,192.0,7.142857142857143,160.05510368659765,1.025058355194457,334.3959216589096,147.31391274719743,46.0355977334992,0.9900127094065774,0.9802123080622323,0.9944923195845935,0.9944923195845935,0.9908538903948905,5,3,0.6,1
60.0,3.2,500.0,60.0,192.0,8.333333333333334,133.3792530721647,0.5932050666634587,283.42517281099606,122.76159395599785,38.36299811124933,0.99007297377399,0.9806630358659559,0.993851273644649,0.993851273644649,0.9919263119407058,7,4,0.5714285714285714,1
55.0,3.2,450.0,60.0,176.0,8.333333333333334,142.859100811178,0.7288929428558871,302.3848682890227,131.48679815452334,41.08962442328854,0.9900119270372976,0.9807872422288091,0.9941488006264088,0.9941488006273405,0.990962864666632,7,4,0.5714285714285714,1
50.0,3.2,400.0,70.0,160.0,7.142857142857143,153.65289953913367,0.9069060289413221,321.5915133639816,141.42135623730954,44.19417382415923,0.9901666359149951,0.9809349986747398,0.994362310813547,0.9943623108143531,0.9910069233573403,4,2,0.5,1
55.0,3.2,500.0,70.0,176.0,7.142857142857143,158.7323342346422,0.999853145206978,331.75038275499867,146.09644239391483,45.65513824809838,0.9900271541047793,0.9803588587123524,0.9944572388007982,0.9944572388007982,0.9908352801051684,6,3,0.5,1
65.0,3.2,550.0,60.0,208.0,8.333333333333334,125.01345376704664,0.48843892830229735,266.69357420075994,115.06175433508912,35.95679822971535,0.9900676841419477,0.9805834834441696,0.99347289357717,0.99347289357717,0.9927414659692811,7,3,0.42857142857142855,1
50.0,3.2,600.0,70.0,160.0,7.142857142857143,230.47934930870048,3.0608078476769607,475.24441290311523,212.1320343559643,66.29126073623884,0.9900898076132869,0.9803362406712149,0.9947248027038668,0.9947248027067208,0.9905733843713451,4,1,0.25,1
